http://www.geocities.com/spreadmetallust/,Adult
http://www.hete-sexdate.nl,Adult
http://www.caterinca.ro,Adult
http://lesbian.free-pics.nu/,Adult
http://www.free-older-woman-sex.com/older-woman-sex/,Adult
http://www.benwababes.com/foodsex/index.htm,Adult
http://www.projectphoenix.ca/,Arts
http://www.breakstuff.askingfortrouble.org,Arts
http://www.aneedleandfred.com/,Arts
http://www.marimbamagic.com/,Arts
http://www.allmusic.com/cg/amg.dll?p=amg&amp;sql=11:a06atrowkl1x,Arts
http://www.cnn.com/showbiz/movies/9903/04/review.cruelintentions/,Arts
http://www.pocket-stress.com,Business
http://www.tagros.com,Business
http://www.tjjoe.com/,Business
http://www.icsindustrialservices.co.uk/,Business
http://www.p-m-i.co.il,Business
http://www.multicolorcorp.com/,Business
http://www.kdef.com/geek/vic/,Computers
http://www.worldofspectrum.org/projectay/,Computers
http://www.trellisys.com,Computers
http://www.pixelsplus.net/,Computers
http://aeditor.rubyforge.org/,Computers
http://www.tigabyte.com/,Computers
http://www.historicalminiatures.com/,Games
http://www.web-adventures.org,Games
http://www.brittonpublishers.com/,Games
http://www.videogamecritic.net/jaguar.htm,Games
http://www.geocities.com/dishonorables/,Games
http://www.puzzles.ca/wordsearch.html,Games
http://www.hpa.org.uk/infections/,Health
http://www.ropesthatrescue.com,Health
http://womenshealth.about.com/library/weekly/aa080499.htm,Health
http://www.surrogacycenter.com/,Health
http://www.aafp.org/afp/20000501/2703.html,Health
http://www.ami-imaging.org/,Health
http://pregnancy.ehealthforum.com/health/pregnancy_question.html,Home
http://home.swbell.net/mjsg/,Home
http://www.aidanbrooks.blogspot.com/,Home
http://www.allbookstores.com,Home
http://www.recipesource.com/soups/soups/tomato-bisque1.html,Home
http://www.top-babynames.com,Home
http://www.jugendhaus-rosswein.de/,Kids
http://www.geocities.com/violaplayer2005/violainfo.html,Kids
http://galileo.rice.edu/sci/kepler.html,Kids
http://www.gamefaqs.com/console/ps2/data/930879.html,Kids
http://www.disney.es/filmesdisney/,Kids
http://volcano.oregonstate.edu/kids/,Kids
http://www.pattiannbrowne.com,News
http://www.nla.gov.au/ferg/issn/14433540.html,News
http://www.usatoday.com/money/perfi/columnist/lieber.htm,News
http://www.vcpa.com.au/index.php?option=com_content&amp;task=view&amp;id=91,News
http://www.deanesmay.com/,News
http://www.kuro5hin.org/,News
http://geocities.com/ismishacats/index.html,Recreation
http://www.letstalkbirds.com,Recreation
http://www.thebirdinghome.org/cgi-bin/bigbird.pl,Recreation
http://personal.cfw.com/~rickw/vintage.htm,Recreation
http://www.lyncrispharaohs.me.uk,Recreation
http://www.hjsv.com/travel/,Recreation
http://www.munciechildrensmuseum.com/,Reference
http://www.aux.mtu.edu/armyrotc/,Reference
http://www.csmonitor.com/2002/0620/p11s02-legn.html,Reference
http://www.goleafs.net/,Reference
http://www.educationalsoftware.co.uk/,Reference
http://diglib.stanford.edu/,Reference
http://www.mcdonald.cam.ac.uk/projects/iarc/culturewithoutcontext/issue7/acar.htm,Science
http://www.cast.uark.edu/~kkvamme/geop/geop.htm,Science
http://lamington.nrsm.uq.edu.au/documents/birds/easternyellowrobin.htm,Science
http://mmc.mpe.ntu.edu.sg/,Science
http://www.iscr.ed.ac.uk/,Science
http://members.inode.at/markusmooslechner/index_e.html,Science
http://www.islandmotorsports.com/,Shopping
http://www.rmwaterfowl.com,Shopping
http://www.biggameproshop.com/,Shopping
http://www3.mistral.co.uk/hid/,Shopping
http://www.nailed4all.com,Shopping
http://golf-gift.co.uk,Shopping
http://www.dominantstar.com/b_tru.htm,Society
http://www.hhbcpage.org/,Society
http://www.casketstores.org,Society
http://www.joor.com,Society
http://members.tripod.com/~ninetin/bb2/index.htm,Society
http://www.islam4women.org/,Society
http://www.kotaekwondo.com/,Sports
http://www.flagstick.com/,Sports
http://www.geocities.com/afl_footy/cricket.htm,Sports
http://www.eurobossf1.com/,Sports
http://www.westfieldsranch.com,Sports
http://volofarm.com,Sports